{
  "timestamp": "2025-10-01T18:15:52.351297Z",
  "seed": 40,
  "epochs": 800,
  "learning_rate": 0.0002,
  "noise_std": 0.002,
  "variability_bound": 0.05,
  "max_physics_weight": 0.1,
  "hidden_layers": 4,
  "neurons_per_layer": 128,
  "state_mixing": 0.2,
  "use_concentration_feature": false,
  "trainable_params": "ohmic_conductance",
  "train_samples": 800,
  "test_samples": 200,
  "pinn_rrmse": 0.18214651942253113,
  "vteam_rrmse": 0.27711889147758484,
  "improvement_factor": 1.5214064608873654,
  "set_voltage_mean": 1.002565131187439,
  "set_voltage_std": 0.10641870277031198,
  "on_resistance_cv": 0.6328792279813905,
  "final_total_loss": 1.4034138985152822e-05,
  "final_data_loss": 1.422315420995801e-07,
  "final_physics_loss": 0.00013891907292418182,
  "final_lambda_physics": 0.1,
  "noise_rrmse_0.010": 0.004496281035244465,
  "noise_rrmse_0.020": 0.01021821890026331,
  "noise_rrmse_0.050": 0.023969843983650208,
  "noise_rrmse_0.100": 0.05011892691254616,
  "param_ohmic_conductance": 9.999997701015673e-07
}