{
  "timestamp": "2025-10-01T18:16:13.205166Z",
  "seed": 41,
  "epochs": 800,
  "learning_rate": 0.0002,
  "noise_std": 0.002,
  "variability_bound": 0.05,
  "max_physics_weight": 0.1,
  "hidden_layers": 4,
  "neurons_per_layer": 128,
  "state_mixing": 0.2,
  "use_concentration_feature": false,
  "trainable_params": "ohmic_conductance",
  "train_samples": 800,
  "test_samples": 200,
  "pinn_rrmse": 0.10266890376806259,
  "vteam_rrmse": 0.2557561993598938,
  "improvement_factor": 2.491077531495494,
  "set_voltage_mean": 0.9978356742858887,
  "set_voltage_std": 0.10902381003884215,
  "on_resistance_cv": 0.5895302671137241,
  "final_total_loss": 1.0041002269645105e-06,
  "final_data_loss": 7.971640769710575e-08,
  "final_physics_loss": 9.243838576367125e-06,
  "final_lambda_physics": 0.1,
  "noise_rrmse_0.010": 0.0018213632283732295,
  "noise_rrmse_0.020": 0.0035638557747006416,
  "noise_rrmse_0.050": 0.010503279976546764,
  "noise_rrmse_0.100": 0.020892761647701263,
  "param_ohmic_conductance": 9.999997701015673e-07
}