{
  "timestamp": "2025-10-01T18:10:10.429099Z",
  "seed": 42,
  "epochs": 800,
  "learning_rate": 0.0002,
  "noise_std": 0.002,
  "variability_bound": 0.05,
  "max_physics_weight": 0.1,
  "hidden_layers": 4,
  "neurons_per_layer": 128,
  "state_mixing": 0.2,
  "use_concentration_feature": false,
  "trainable_params": "ohmic_conductance",
  "train_samples": 800,
  "test_samples": 200,
  "pinn_rrmse": 0.06102610006928444,
  "vteam_rrmse": 0.25109386444091797,
  "improvement_factor": 4.114532374768253,
  "set_voltage_mean": 0.9963927918672562,
  "set_voltage_std": 0.08851819218754703,
  "on_resistance_cv": 0.5494519587299047,
  "final_total_loss": 7.69487814977765e-06,
  "final_data_loss": 3.98364470299839e-08,
  "final_physics_loss": 7.655040826648474e-05,
  "final_lambda_physics": 0.1,
  "noise_rrmse_0.010": 0.0015376308001577854,
  "noise_rrmse_0.020": 0.0035968669690191746,
  "noise_rrmse_0.050": 0.008724584244191647,
  "noise_rrmse_0.100": 0.018408803269267082,
  "param_ohmic_conductance": 9.999997701015673e-07
}