Parameter,Value
Ea (eV),0.37915798668503603
Ea_err (eV),0.009911889145736139
Intercept,-11.489047750413738
R_squared,0.9972738679665423
