Temperature_K,Drop_percent,ln_tau_rel
250,0.2,6.21410822338054
275,1.12,4.491752218952534
300,4.58,3.083449354039222
325,14.47,1.9330857345185442
350,35.54,1.0345085495345374
375,65.86,0.417637390668721
