Bias_V,T95_K,Accel_Factor
0.05,372.6114707486514,1.0
0.1,372.6676691656656,1.0017822975026258
0.2,375.8991527365069,1.1088000701428915
