{
  "num_runs": 3,
  "seeds": [
    40,
    41,
    42
  ],
  "epochs_mean": 800.0,
  "epochs_std": 0.0,
  "epochs_ci95": 0.0,
  "final_data_loss_mean": 8.726146560888992e-08,
  "final_data_loss_std": 5.16128355910334e-08,
  "final_data_loss_ci95": 5.840542166336115e-08,
  "final_lambda_physics_mean": 0.10000000000000002,
  "final_lambda_physics_std": 1.6996749443881478e-17,
  "final_lambda_physics_ci95": 1.9233632618876244e-17,
  "final_physics_loss_mean": 7.490443992234456e-05,
  "final_physics_loss_std": 6.485328449379104e-05,
  "final_physics_loss_ci95": 7.338840007023043e-05,
  "final_total_loss_mean": 7.577705787298328e-06,
  "final_total_loss_std": 6.515809583763873e-06,
  "final_total_loss_ci95": 7.373332657661854e-06,
  "hidden_layers_mean": 4.0,
  "hidden_layers_std": 0.0,
  "hidden_layers_ci95": 0.0,
  "improvement_factor_mean": 2.709005455717038,
  "improvement_factor_std": 1.3102270552949136,
  "improvement_factor_ci95": 1.4826614884251363,
  "learning_rate_mean": 0.0002,
  "learning_rate_std": 0.0,
  "learning_rate_ci95": 0.0,
  "max_physics_weight_mean": 0.10000000000000002,
  "max_physics_weight_std": 1.6996749443881478e-17,
  "max_physics_weight_ci95": 1.9233632618876244e-17,
  "neurons_per_layer_mean": 128.0,
  "neurons_per_layer_std": 0.0,
  "neurons_per_layer_ci95": 0.0,
  "noise_rrmse_0.010_mean": 0.0026184250212584934,
  "noise_rrmse_0.010_std": 0.0016324470679482137,
  "noise_rrmse_0.010_ci95": 0.0018472877580707244,
  "noise_rrmse_0.020_mean": 0.005792980547994375,
  "noise_rrmse_0.020_std": 0.0038324043746102115,
  "noise_rrmse_0.020_ci95": 0.004336773806756422,
  "noise_rrmse_0.050_mean": 0.01439923606812954,
  "noise_rrmse_0.050_std": 0.008335966742468729,
  "noise_rrmse_0.050_ci95": 0.009433034379731373,
  "noise_rrmse_0.100_mean": 0.02980683060983817,
  "noise_rrmse_0.100_std": 0.017634581210346646,
  "noise_rrmse_0.100_ci95": 0.019955407209326308,
  "noise_std_mean": 0.002,
  "noise_std_std": 0.0,
  "noise_std_ci95": 0.0,
  "on_resistance_cv_mean": 0.5906204846083397,
  "on_resistance_cv_std": 0.04172431838064167,
  "on_resistance_cv_ci95": 0.04721551103968155,
  "param_ohmic_conductance_mean": 9.999997701015673e-07,
  "param_ohmic_conductance_std": 0.0,
  "param_ohmic_conductance_ci95": 0.0,
  "pinn_rrmse_mean": 0.11528050775329272,
  "pinn_rrmse_std": 0.0615372116071795,
  "pinn_rrmse_ci95": 0.06963591034570474,
  "seed_mean": 41.0,
  "seed_std": 1.0,
  "seed_ci95": 1.1316065276116665,
  "set_voltage_mean_mean": 0.9989311991135281,
  "set_voltage_mean_std": 0.0032287109125546582,
  "set_voltage_mean_ci95": 0.0036536303444178716,
  "set_voltage_std_mean": 0.10132023499890037,
  "set_voltage_std_std": 0.01116314790182099,
  "set_voltage_std_ci95": 0.012632291034395112,
  "state_mixing_mean": 0.20000000000000004,
  "state_mixing_std": 3.3993498887762956e-17,
  "state_mixing_ci95": 3.846726523775249e-17,
  "test_samples_mean": 200.0,
  "test_samples_std": 0.0,
  "test_samples_ci95": 0.0,
  "train_samples_mean": 800.0,
  "train_samples_std": 0.0,
  "train_samples_ci95": 0.0,
  "variability_bound_mean": 0.05000000000000001,
  "variability_bound_std": 8.498374721940739e-18,
  "variability_bound_ci95": 9.616816309438122e-18,
  "vteam_rrmse_mean": 0.2613229850927989,
  "vteam_rrmse_std": 0.013876863320356909,
  "vteam_rrmse_ci95": 0.015703149116090782
}